scaffold	fasta	begin	end	strand	type	e-value	note
Arenibacter_algicola_TG409_APAre_APAre_Scaffold_7180000000011|quiver	Arenibacter_algicola_TG409_APAre	1028162	1028269	-	5S rRNA	3.1e-08	
Arenibacter_algicola_TG409_APAre_APAre_Scaffold_7180000000011|quiver	Arenibacter_algicola_TG409_APAre	1028522	1031347	-	23S rRNA	0.0	
Arenibacter_algicola_TG409_APAre_APAre_Scaffold_7180000000011|quiver	Arenibacter_algicola_TG409_APAre	1032092	1033612	-	16S rRNA	0.0	
Arenibacter_algicola_TG409_APAre_APAre_Scaffold_7180000000011|quiver	Arenibacter_algicola_TG409_APAre	1231677	1231784	-	5S rRNA	3.1e-08	
Arenibacter_algicola_TG409_APAre_APAre_Scaffold_7180000000011|quiver	Arenibacter_algicola_TG409_APAre	1232037	1234862	-	23S rRNA	0.0	
Arenibacter_algicola_TG409_APAre_APAre_Scaffold_7180000000011|quiver	Arenibacter_algicola_TG409_APAre	1235476	1236996	-	16S rRNA	0.0	
Arenibacter_algicola_TG409_APAre_APAre_Scaffold_7180000000011|quiver	Arenibacter_algicola_TG409_APAre	1853724	1853831	-	5S rRNA	3.1e-08	
Arenibacter_algicola_TG409_APAre_APAre_Scaffold_7180000000011|quiver	Arenibacter_algicola_TG409_APAre	1854084	1856909	-	23S rRNA	0.0	
Arenibacter_algicola_TG409_APAre_APAre_Scaffold_7180000000011|quiver	Arenibacter_algicola_TG409_APAre	1857523	1859043	-	16S rRNA	0.0	
Arenibacter_sp_NBRC_GCF_001748465.2_BDGL02000008.1	Arenibacter_sp_NBRC_GCF_001748465.2	12	119	+	5S rRNA	6.2e-08	
Arenibacter_sp_NBRC_GCF_001748465.2_BDGL02000020.1	Arenibacter_sp_NBRC_GCF_001748465.2	12	119	+	5S rRNA	6.2e-08	
Arenibacter_sp_NBRC_GCF_001748465.2_BDGL02000060.1	Arenibacter_sp_NBRC_GCF_001748465.2	9	116	-	5S rRNA	6.2e-08	
Arenibacter_sp_NBRC_GCF_001748465.2_BDGL02000060.1	Arenibacter_sp_NBRC_GCF_001748465.2	369	3194	-	23S rRNA	0.0	
Arenibacter_sp_NBRC_GCF_001748465.2_BDGL02000067.1	Arenibacter_sp_NBRC_GCF_001748465.2	134	1654	+	16S rRNA	0.0	
Arenibacter_sp_NBRC_GCF_001748465.2_NZ_BDGL02000008.1	Arenibacter_sp_NBRC_GCF_001748465.2	12	119	+	5S rRNA	6.2e-08	
Arenibacter_sp_NBRC_GCF_001748465.2_NZ_BDGL02000020.1	Arenibacter_sp_NBRC_GCF_001748465.2	12	119	+	5S rRNA	6.2e-08	
Arenibacter_sp_NBRC_GCF_001748465.2_NZ_BDGL02000060.1	Arenibacter_sp_NBRC_GCF_001748465.2	9	116	-	5S rRNA	6.2e-08	
Arenibacter_sp_NBRC_GCF_001748465.2_NZ_BDGL02000060.1	Arenibacter_sp_NBRC_GCF_001748465.2	369	3194	-	23S rRNA	0.0	
Arenibacter_sp_NBRC_GCF_001748465.2_NZ_BDGL02000067.1	Arenibacter_sp_NBRC_GCF_001748465.2	134	1654	+	16S rRNA	0.0	
Arenibacter_algicola_GCF_002234495.1_CP022515.1	Arenibacter_algicola_GCF_002234495.1	548336	548443	-	5S rRNA	6.5e-08	
Arenibacter_algicola_GCF_002234495.1_CP022515.1	Arenibacter_algicola_GCF_002234495.1	548733	551558	-	23S rRNA	0.0	
Arenibacter_algicola_GCF_002234495.1_CP022515.1	Arenibacter_algicola_GCF_002234495.1	552367	553887	-	16S rRNA	0.0	
Arenibacter_algicola_GCF_002234495.1_CP022515.1	Arenibacter_algicola_GCF_002234495.1	5507506	5507613	-	5S rRNA	6.5e-08	
Arenibacter_algicola_GCF_002234495.1_CP022515.1	Arenibacter_algicola_GCF_002234495.1	5507867	5510693	-	23S rRNA	0.0	
Arenibacter_algicola_GCF_002234495.1_CP022515.1	Arenibacter_algicola_GCF_002234495.1	5511473	5512993	-	16S rRNA	0.0	
Arenibacter_algicola_GCF_002234495.1_CP022515.1	Arenibacter_algicola_GCF_002234495.1	5712675	5712782	-	5S rRNA	6.5e-08	
Arenibacter_algicola_GCF_002234495.1_CP022515.1	Arenibacter_algicola_GCF_002234495.1	5713071	5715898	-	23S rRNA	0.0	
Arenibacter_algicola_GCF_002234495.1_CP022515.1	Arenibacter_algicola_GCF_002234495.1	5716743	5718263	-	16S rRNA	0.0	
Arenibacter_algicola_GCF_002234495.1_NZ_CP022515.1	Arenibacter_algicola_GCF_002234495.1	548336	548443	-	5S rRNA	6.5e-08	
Arenibacter_algicola_GCF_002234495.1_NZ_CP022515.1	Arenibacter_algicola_GCF_002234495.1	548733	551558	-	23S rRNA	0.0	
Arenibacter_algicola_GCF_002234495.1_NZ_CP022515.1	Arenibacter_algicola_GCF_002234495.1	552367	553887	-	16S rRNA	0.0	
Arenibacter_algicola_GCF_002234495.1_NZ_CP022515.1	Arenibacter_algicola_GCF_002234495.1	5507506	5507613	-	5S rRNA	6.5e-08	
Arenibacter_algicola_GCF_002234495.1_NZ_CP022515.1	Arenibacter_algicola_GCF_002234495.1	5507867	5510693	-	23S rRNA	0.0	
Arenibacter_algicola_GCF_002234495.1_NZ_CP022515.1	Arenibacter_algicola_GCF_002234495.1	5511473	5512993	-	16S rRNA	0.0	
Arenibacter_algicola_GCF_002234495.1_NZ_CP022515.1	Arenibacter_algicola_GCF_002234495.1	5712675	5712782	-	5S rRNA	6.5e-08	
Arenibacter_algicola_GCF_002234495.1_NZ_CP022515.1	Arenibacter_algicola_GCF_002234495.1	5713071	5715898	-	23S rRNA	0.0	
Arenibacter_algicola_GCF_002234495.1_NZ_CP022515.1	Arenibacter_algicola_GCF_002234495.1	5716743	5718263	-	16S rRNA	0.0	
Arenibacter_algicola_GCF_006789585.1_NZ_VHIF01000001.1	Arenibacter_algicola_GCF_006789585.1	573237	574757	+	16S rRNA	0.0	
Arenibacter_algicola_GCF_006789585.1_NZ_VHIF01000001.1	Arenibacter_algicola_GCF_006789585.1	575528	578353	+	23S rRNA	0.0	
Arenibacter_algicola_GCF_006789585.1_NZ_VHIF01000001.1	Arenibacter_algicola_GCF_006789585.1	578642	578749	+	5S rRNA	5.9e-08	
Arenibacter_algicola_GCF_006789585.1_NZ_VHIF01000001.1	Arenibacter_algicola_GCF_006789585.1	778521	780041	+	16S rRNA	0.0	
Arenibacter_algicola_GCF_006789585.1_NZ_VHIF01000001.1	Arenibacter_algicola_GCF_006789585.1	780812	783637	+	23S rRNA	0.0	
Arenibacter_algicola_GCF_006789585.1_NZ_VHIF01000001.1	Arenibacter_algicola_GCF_006789585.1	783892	783999	+	5S rRNA	5.9e-08	
Arenibacter_algicola_GCF_006789585.1_NZ_VHIF01000001.1	Arenibacter_algicola_GCF_006789585.1	5208008	5209528	+	16S rRNA	0.0	
Arenibacter_algicola_GCF_006789585.1_NZ_VHIF01000001.1	Arenibacter_algicola_GCF_006789585.1	5210299	5213124	+	23S rRNA	0.0	
Arenibacter_algicola_GCF_006789585.1_NZ_VHIF01000001.1	Arenibacter_algicola_GCF_006789585.1	5213378	5213485	+	5S rRNA	5.9e-08	
Arenibacter_algicola_GCF_006789585.1_VHIF01000001.1	Arenibacter_algicola_GCF_006789585.1	573237	574757	+	16S rRNA	0.0	
Arenibacter_algicola_GCF_006789585.1_VHIF01000001.1	Arenibacter_algicola_GCF_006789585.1	575528	578353	+	23S rRNA	0.0	
Arenibacter_algicola_GCF_006789585.1_VHIF01000001.1	Arenibacter_algicola_GCF_006789585.1	578642	578749	+	5S rRNA	5.9e-08	
Arenibacter_algicola_GCF_006789585.1_VHIF01000001.1	Arenibacter_algicola_GCF_006789585.1	778521	780041	+	16S rRNA	0.0	
Arenibacter_algicola_GCF_006789585.1_VHIF01000001.1	Arenibacter_algicola_GCF_006789585.1	780812	783637	+	23S rRNA	0.0	
Arenibacter_algicola_GCF_006789585.1_VHIF01000001.1	Arenibacter_algicola_GCF_006789585.1	783892	783999	+	5S rRNA	5.9e-08	
Arenibacter_algicola_GCF_006789585.1_VHIF01000001.1	Arenibacter_algicola_GCF_006789585.1	5208008	5209528	+	16S rRNA	0.0	
Arenibacter_algicola_GCF_006789585.1_VHIF01000001.1	Arenibacter_algicola_GCF_006789585.1	5210299	5213124	+	23S rRNA	0.0	
Arenibacter_algicola_GCF_006789585.1_VHIF01000001.1	Arenibacter_algicola_GCF_006789585.1	5213378	5213485	+	5S rRNA	5.9e-08	
Arenibacter_echinorum_GCF_003259375.1_NZ_QLLN01000017.1	Arenibacter_echinorum_GCF_003259375.1	9	116	-	5S rRNA	5.8e-08	
Arenibacter_echinorum_GCF_003259375.1_NZ_QLLN01000017.1	Arenibacter_echinorum_GCF_003259375.1	279	3095	-	23S rRNA	0.0	
Arenibacter_echinorum_GCF_003259375.1_NZ_QLLN01000022.1	Arenibacter_echinorum_GCF_003259375.1	7	1431	+	16S rRNA	0.0	
Arenibacter_echinorum_GCF_003259375.1_QLLN01000017.1	Arenibacter_echinorum_GCF_003259375.1	9	116	-	5S rRNA	5.8e-08	
Arenibacter_echinorum_GCF_003259375.1_QLLN01000017.1	Arenibacter_echinorum_GCF_003259375.1	279	3095	-	23S rRNA	0.0	
Arenibacter_echinorum_GCF_003259375.1_QLLN01000022.1	Arenibacter_echinorum_GCF_003259375.1	7	1431	+	16S rRNA	0.0	
Arenibacter_algicola_GCF_018860365.1_NZ_JAHKPO010000012.1	Arenibacter_algicola_GCF_018860365.1	8	115	-	5S rRNA	3.2e-08	
Arenibacter_algicola_GCF_018860365.1_NZ_JAHKPO010000012.1	Arenibacter_algicola_GCF_018860365.1	367	3189	-	23S rRNA	0.0	
Arenibacter_algicola_GCF_018860365.1_NZ_JAHKPO010000012.1	Arenibacter_algicola_GCF_018860365.1	3909	5429	-	16S rRNA	0.0	
Algiphilus_aromaticivorans_DG1253_APAlg_APAlg_Scaffold_7180000000006|quiver	Algiphilus_aromaticivorans_DG1253_APAlg	3165641	3165752	-	5S rRNA	4.7e-12	
Algiphilus_aromaticivorans_DG1253_APAlg_APAlg_Scaffold_7180000000006|quiver	Algiphilus_aromaticivorans_DG1253_APAlg	3165851	3168730	-	23S rRNA	0.0	
Algiphilus_aromaticivorans_DG1253_APAlg_APAlg_Scaffold_7180000000006|quiver	Algiphilus_aromaticivorans_DG1253_APAlg	3169173	3170706	-	16S rRNA	0.0	
Algiphilus_sp_SW459_GCF_023145115.1_NZ_JAGLEJ010000052.1	Algiphilus_sp_SW459_GCF_023145115.1	265	376	+	5S rRNA	6.8e-11	
Halomonas_sp._TG39a_APHal_APHal_Scaffold_7180000000004|quiver	Halomonas_sp._TG39a_APHal	29935	31462	+	16S rRNA	0.0	
Halomonas_sp._TG39a_APHal_APHal_Scaffold_7180000000004|quiver	Halomonas_sp._TG39a_APHal	32180	35067	+	23S rRNA	0.0	
Halomonas_sp._TG39a_APHal_APHal_Scaffold_7180000000004|quiver	Halomonas_sp._TG39a_APHal	35226	35336	+	5S rRNA	1.1e-13	
Halomonas_sp._TG39a_APHal_APHal_Scaffold_7180000000004|quiver	Halomonas_sp._TG39a_APHal	2112044	2112154	-	5S rRNA	1.1e-13	
Halomonas_sp._TG39a_APHal_APHal_Scaffold_7180000000004|quiver	Halomonas_sp._TG39a_APHal	2112292	2115179	-	23S rRNA	0.0	
Halomonas_sp._TG39a_APHal_APHal_Scaffold_7180000000004|quiver	Halomonas_sp._TG39a_APHal	2115799	2117326	-	16S rRNA	0.0	
Halomonas_sp._TG39a_APHal_APHal_Scaffold_7180000000004|quiver	Halomonas_sp._TG39a_APHal	2497560	2497670	-	5S rRNA	1.1e-13	
Halomonas_sp._TG39a_APHal_APHal_Scaffold_7180000000004|quiver	Halomonas_sp._TG39a_APHal	2497808	2500696	-	23S rRNA	0.0	
Halomonas_sp._TG39a_APHal_APHal_Scaffold_7180000000004|quiver	Halomonas_sp._TG39a_APHal	2500946	2502473	-	16S rRNA	0.0	
Halomonas_sp._TG39a_APHal_APHal_Scaffold_7180000000004|quiver	Halomonas_sp._TG39a_APHal	3666949	3668476	+	16S rRNA	0.0	
Halomonas_sp._TG39a_APHal_APHal_Scaffold_7180000000004|quiver	Halomonas_sp._TG39a_APHal	3668726	3671613	+	23S rRNA	0.0	
Halomonas_sp._TG39a_APHal_APHal_Scaffold_7180000000004|quiver	Halomonas_sp._TG39a_APHal	3671772	3671882	+	5S rRNA	1.1e-13	
Halomonas_sp._TG39a_APHal_APHal_Scaffold_7180000000004|quiver	Halomonas_sp._TG39a_APHal	4004725	4006252	+	16S rRNA	0.0	
Halomonas_sp._TG39a_APHal_APHal_Scaffold_7180000000004|quiver	Halomonas_sp._TG39a_APHal	4006542	4009429	+	23S rRNA	0.0	
Halomonas_sp._TG39a_APHal_APHal_Scaffold_7180000000004|quiver	Halomonas_sp._TG39a_APHal	4009578	4009688	+	5S rRNA	1.1e-13	
Halomonas_sp._TG39a_APHal_APHal_Scaffold_7180000000005|quiver	Halomonas_sp._TG39a_APHal	970	1080	-	5S rRNA	1.1e-13	
Halomonas_sp._TG39a_APHal_APHal_Scaffold_7180000000005|quiver	Halomonas_sp._TG39a_APHal	1216	4101	-	23S rRNA	0.0	
Halomonas_sp._TG39a_APHal_APHal_Scaffold_7180000000005|quiver	Halomonas_sp._TG39a_APHal	4351	5878	-	16S rRNA	0.0	
Halomonas_sp._TG39a_APHal_APHal_Scaffold_7180000000005|quiver	Halomonas_sp._TG39a_APHal	965122	965232	-	5S rRNA	1.1e-13	
Halomonas_sp._TG39a_APHal_APHal_Scaffold_7180000000005|quiver	Halomonas_sp._TG39a_APHal	965391	967699	-	23S rRNA	0.0	aligned only 71 percent of the 23S ribosomal RNA
Halomonas_ventosae_GCF_002257525.1_CP022737.1	Halomonas_ventosae_GCF_002257525.1	1046167	1047694	+	16S rRNA	0.0	
Halomonas_ventosae_GCF_002257525.1_CP022737.1	Halomonas_ventosae_GCF_002257525.1	1047944	1050830	+	23S rRNA	0.0	
Halomonas_ventosae_GCF_002257525.1_CP022737.1	Halomonas_ventosae_GCF_002257525.1	1050989	1051099	+	5S rRNA	1.2e-13	
Halomonas_ventosae_GCF_002257525.1_CP022737.1	Halomonas_ventosae_GCF_002257525.1	2078185	2079712	+	16S rRNA	0.0	
Halomonas_ventosae_GCF_002257525.1_CP022737.1	Halomonas_ventosae_GCF_002257525.1	2079962	2082849	+	23S rRNA	0.0	
Halomonas_ventosae_GCF_002257525.1_CP022737.1	Halomonas_ventosae_GCF_002257525.1	2082987	2083097	+	5S rRNA	1.2e-13	
Halomonas_ventosae_GCF_002257525.1_CP022737.1	Halomonas_ventosae_GCF_002257525.1	2464625	2466151	+	16S rRNA	0.0	
Halomonas_ventosae_GCF_002257525.1_CP022737.1	Halomonas_ventosae_GCF_002257525.1	2466771	2469658	+	23S rRNA	0.0	
Halomonas_ventosae_GCF_002257525.1_CP022737.1	Halomonas_ventosae_GCF_002257525.1	2469796	2469906	+	5S rRNA	1.2e-13	
Halomonas_ventosae_GCF_002257525.1_CP022737.1	Halomonas_ventosae_GCF_002257525.1	4530212	4530322	-	5S rRNA	1.2e-13	
Halomonas_ventosae_GCF_002257525.1_CP022737.1	Halomonas_ventosae_GCF_002257525.1	4530481	4533368	-	23S rRNA	0.0	
Halomonas_ventosae_GCF_002257525.1_CP022737.1	Halomonas_ventosae_GCF_002257525.1	4534086	4535613	-	16S rRNA	0.0	
Halomonas_ventosae_GCF_002257525.1_CP022737.1	Halomonas_ventosae_GCF_002257525.1	4567349	4567459	-	5S rRNA	1.2e-13	
Halomonas_ventosae_GCF_002257525.1_CP022737.1	Halomonas_ventosae_GCF_002257525.1	4567608	4570494	-	23S rRNA	0.0	
Halomonas_ventosae_GCF_002257525.1_CP022737.1	Halomonas_ventosae_GCF_002257525.1	4570784	4572310	-	16S rRNA	0.0	
Halomonas_ventosae_GCF_002257525.1_CP022737.1	Halomonas_ventosae_GCF_002257525.1	4905579	4905689	-	5S rRNA	1.2e-13	
Halomonas_ventosae_GCF_002257525.1_CP022737.1	Halomonas_ventosae_GCF_002257525.1	4905848	4908734	-	23S rRNA	0.0	
Halomonas_ventosae_GCF_002257525.1_CP022737.1	Halomonas_ventosae_GCF_002257525.1	4908984	4910511	-	16S rRNA	0.0	
Halomonas_ventosae_GCF_004363555.1_NZ_SNZJ01000010.1	Halomonas_ventosae_GCF_004363555.1	129886	129996	-	5S rRNA	1.5e-12	
Halomonas_ventosae_GCF_004363555.1_NZ_SNZJ01000023.1	Halomonas_ventosae_GCF_004363555.1	295	405	+	5S rRNA	1.5e-12	
Halomonas_ventosae_GCF_004363555.1_NZ_SNZJ01000028.1	Halomonas_ventosae_GCF_004363555.1	35939	36049	-	5S rRNA	1.5e-12	
Halomonas_ventosae_GCF_004363555.1_NZ_SNZJ01000034.1	Halomonas_ventosae_GCF_004363555.1	9	2879	-	23S rRNA	0.0	
Halomonas_ventosae_GCF_004363555.1_NZ_SNZJ01000034.1	Halomonas_ventosae_GCF_004363555.1	3570	5100	-	16S rRNA	0.0	
Halomonas_ventosae_GCF_004363555.1_SNZJ01000010.1	Halomonas_ventosae_GCF_004363555.1	129886	129996	-	5S rRNA	1.5e-12	
Halomonas_ventosae_GCF_004363555.1_SNZJ01000023.1	Halomonas_ventosae_GCF_004363555.1	295	405	+	5S rRNA	1.5e-12	
Halomonas_ventosae_GCF_004363555.1_SNZJ01000028.1	Halomonas_ventosae_GCF_004363555.1	35939	36049	-	5S rRNA	1.5e-12	
Halomonas_ventosae_GCF_004363555.1_SNZJ01000034.1	Halomonas_ventosae_GCF_004363555.1	9	2879	-	23S rRNA	0.0	
Halomonas_ventosae_GCF_004363555.1_SNZJ01000034.1	Halomonas_ventosae_GCF_004363555.1	3570	5100	-	16S rRNA	0.0	
Halomonas_alkaliantarctica_GCF_029854215.1_CP122961.1	Halomonas_alkaliantarctica_GCF_029854215.1	45176	46703	+	16S rRNA	0.0	
Halomonas_alkaliantarctica_GCF_029854215.1_CP122961.1	Halomonas_alkaliantarctica_GCF_029854215.1	46993	49882	+	23S rRNA	0.0	
Halomonas_alkaliantarctica_GCF_029854215.1_CP122961.1	Halomonas_alkaliantarctica_GCF_029854215.1	50037	50147	+	5S rRNA	1.9e-13	
Halomonas_alkaliantarctica_GCF_029854215.1_CP122961.1	Halomonas_alkaliantarctica_GCF_029854215.1	356799	358326	+	16S rRNA	0.0	
Halomonas_alkaliantarctica_GCF_029854215.1_CP122961.1	Halomonas_alkaliantarctica_GCF_029854215.1	358929	361816	+	23S rRNA	0.0	
Halomonas_alkaliantarctica_GCF_029854215.1_CP122961.1	Halomonas_alkaliantarctica_GCF_029854215.1	361971	362081	+	5S rRNA	1.9e-13	
Halomonas_alkaliantarctica_GCF_029854215.1_CP122961.1	Halomonas_alkaliantarctica_GCF_029854215.1	393638	395165	+	16S rRNA	0.0	
Halomonas_alkaliantarctica_GCF_029854215.1_CP122961.1	Halomonas_alkaliantarctica_GCF_029854215.1	395455	398344	+	23S rRNA	0.0	
Halomonas_alkaliantarctica_GCF_029854215.1_CP122961.1	Halomonas_alkaliantarctica_GCF_029854215.1	398499	398609	+	5S rRNA	1.9e-13	
Halomonas_alkaliantarctica_GCF_029854215.1_CP122961.1	Halomonas_alkaliantarctica_GCF_029854215.1	2245614	2245724	-	5S rRNA	1.9e-13	
Halomonas_alkaliantarctica_GCF_029854215.1_CP122961.1	Halomonas_alkaliantarctica_GCF_029854215.1	2245879	2248768	-	23S rRNA	0.0	
Halomonas_alkaliantarctica_GCF_029854215.1_CP122961.1	Halomonas_alkaliantarctica_GCF_029854215.1	2249371	2250898	-	16S rRNA	0.0	
Halomonas_alkaliantarctica_GCF_029854215.1_CP122961.1	Halomonas_alkaliantarctica_GCF_029854215.1	2595172	2595282	-	5S rRNA	1.9e-13	
Halomonas_alkaliantarctica_GCF_029854215.1_CP122961.1	Halomonas_alkaliantarctica_GCF_029854215.1	2595437	2598326	-	23S rRNA	0.0	
Halomonas_alkaliantarctica_GCF_029854215.1_CP122961.1	Halomonas_alkaliantarctica_GCF_029854215.1	2598577	2600104	-	16S rRNA	0.0	
Halomonas_alkaliantarctica_GCF_029854215.1_CP122961.1	Halomonas_alkaliantarctica_GCF_029854215.1	3469145	3469255	-	5S rRNA	1.9e-13	
Halomonas_alkaliantarctica_GCF_029854215.1_CP122961.1	Halomonas_alkaliantarctica_GCF_029854215.1	3469401	3472290	-	23S rRNA	0.0	
Halomonas_alkaliantarctica_GCF_029854215.1_CP122961.1	Halomonas_alkaliantarctica_GCF_029854215.1	3472580	3474107	-	16S rRNA	0.0	
Halomonas_alkaliantarctica_GCF_029854215.1_NZ_CP122961.1	Halomonas_alkaliantarctica_GCF_029854215.1	45176	46703	+	16S rRNA	0.0	
Halomonas_alkaliantarctica_GCF_029854215.1_NZ_CP122961.1	Halomonas_alkaliantarctica_GCF_029854215.1	46993	49882	+	23S rRNA	0.0	
Halomonas_alkaliantarctica_GCF_029854215.1_NZ_CP122961.1	Halomonas_alkaliantarctica_GCF_029854215.1	50037	50147	+	5S rRNA	1.9e-13	
Halomonas_alkaliantarctica_GCF_029854215.1_NZ_CP122961.1	Halomonas_alkaliantarctica_GCF_029854215.1	356799	358326	+	16S rRNA	0.0	
Halomonas_alkaliantarctica_GCF_029854215.1_NZ_CP122961.1	Halomonas_alkaliantarctica_GCF_029854215.1	358929	361816	+	23S rRNA	0.0	
Halomonas_alkaliantarctica_GCF_029854215.1_NZ_CP122961.1	Halomonas_alkaliantarctica_GCF_029854215.1	361971	362081	+	5S rRNA	1.9e-13	
Halomonas_alkaliantarctica_GCF_029854215.1_NZ_CP122961.1	Halomonas_alkaliantarctica_GCF_029854215.1	393638	395165	+	16S rRNA	0.0	
Halomonas_alkaliantarctica_GCF_029854215.1_NZ_CP122961.1	Halomonas_alkaliantarctica_GCF_029854215.1	395455	398344	+	23S rRNA	0.0	
Halomonas_alkaliantarctica_GCF_029854215.1_NZ_CP122961.1	Halomonas_alkaliantarctica_GCF_029854215.1	398499	398609	+	5S rRNA	1.9e-13	
Halomonas_alkaliantarctica_GCF_029854215.1_NZ_CP122961.1	Halomonas_alkaliantarctica_GCF_029854215.1	2245614	2245724	-	5S rRNA	1.9e-13	
Halomonas_alkaliantarctica_GCF_029854215.1_NZ_CP122961.1	Halomonas_alkaliantarctica_GCF_029854215.1	2245879	2248768	-	23S rRNA	0.0	
Halomonas_alkaliantarctica_GCF_029854215.1_NZ_CP122961.1	Halomonas_alkaliantarctica_GCF_029854215.1	2249371	2250898	-	16S rRNA	0.0	
Halomonas_alkaliantarctica_GCF_029854215.1_NZ_CP122961.1	Halomonas_alkaliantarctica_GCF_029854215.1	2595172	2595282	-	5S rRNA	1.9e-13	
Halomonas_alkaliantarctica_GCF_029854215.1_NZ_CP122961.1	Halomonas_alkaliantarctica_GCF_029854215.1	2595437	2598326	-	23S rRNA	0.0	
Halomonas_alkaliantarctica_GCF_029854215.1_NZ_CP122961.1	Halomonas_alkaliantarctica_GCF_029854215.1	2598577	2600104	-	16S rRNA	0.0	
Halomonas_alkaliantarctica_GCF_029854215.1_NZ_CP122961.1	Halomonas_alkaliantarctica_GCF_029854215.1	3469145	3469255	-	5S rRNA	1.9e-13	
Halomonas_alkaliantarctica_GCF_029854215.1_NZ_CP122961.1	Halomonas_alkaliantarctica_GCF_029854215.1	3469401	3472290	-	23S rRNA	0.0	
Halomonas_alkaliantarctica_GCF_029854215.1_NZ_CP122961.1	Halomonas_alkaliantarctica_GCF_029854215.1	3472580	3474107	-	16S rRNA	0.0	
Halomonas_hibernica_GCF_013183775.1_NZ_VIFN01000032.1	Halomonas_hibernica_GCF_013183775.1	40	2929	-	23S rRNA	0	
Halomonas_hibernica_GCF_013183775.1_NZ_VIFN01000035.1	Halomonas_hibernica_GCF_013183775.1	54	1581	-	16S rRNA	0	
Marinobacter_sp_strain_MCTG268_APMar_APMar_Scaffold_7180000000032|quiver	Marinobacter_sp_strain_MCTG268_APMar	657029	658563	+	16S rRNA	0.0	
Marinobacter_sp_strain_MCTG268_APMar_APMar_Scaffold_7180000000032|quiver	Marinobacter_sp_strain_MCTG268_APMar	659288	662180	+	23S rRNA	0.0	
Marinobacter_sp_strain_MCTG268_APMar_APMar_Scaffold_7180000000032|quiver	Marinobacter_sp_strain_MCTG268_APMar	662285	662395	+	5S rRNA	2.1e-12	
Marinobacter_sp_strain_MCTG268_APMar_APMar_Scaffold_7180000000032|quiver	Marinobacter_sp_strain_MCTG268_APMar	878378	879912	+	16S rRNA	0.0	
Marinobacter_sp_strain_MCTG268_APMar_APMar_Scaffold_7180000000032|quiver	Marinobacter_sp_strain_MCTG268_APMar	880633	883525	+	23S rRNA	0.0	
Marinobacter_sp_strain_MCTG268_APMar_APMar_Scaffold_7180000000032|quiver	Marinobacter_sp_strain_MCTG268_APMar	883630	883740	+	5S rRNA	2.1e-12	
Marinobacter_sp_strain_MCTG268_APMar_APMar_Scaffold_7180000000033|quiver	Marinobacter_sp_strain_MCTG268_APMar	240325	241859	+	16S rRNA	0.0	
Marinobacter_sp_strain_MCTG268_APMar_APMar_Scaffold_7180000000033|quiver	Marinobacter_sp_strain_MCTG268_APMar	242584	245476	+	23S rRNA	0.0	
Marinobacter_sp_strain_MCTG268_APMar_APMar_Scaffold_7180000000033|quiver	Marinobacter_sp_strain_MCTG268_APMar	245581	245691	+	5S rRNA	2.1e-12	
Marinobacter_salarius_GCF_000831005.1_CP007152.1	Marinobacter_salarius_GCF_000831005.1	4529541	4529651	-	5S rRNA	2.1e-12	
Marinobacter_salarius_GCF_000831005.1_CP007152.1	Marinobacter_salarius_GCF_000831005.1	4529756	4532644	-	23S rRNA	0.0	
Marinobacter_salarius_GCF_000831005.1_CP007152.1	Marinobacter_salarius_GCF_000831005.1	4533363	4534896	-	16S rRNA	0.0	
Marinobacter_salarius_GCF_002116735.1_CP020931.1	Marinobacter_salarius_GCF_002116735.1	2841612	2841722	-	5S rRNA	4.3e-12	
Marinobacter_salarius_GCF_002116735.1_CP020931.1	Marinobacter_salarius_GCF_002116735.1	2841827	2844719	-	23S rRNA	0.0	
Marinobacter_salarius_GCF_002116735.1_CP020931.1	Marinobacter_salarius_GCF_002116735.1	2845438	2846972	-	16S rRNA	0.0	
Marinobacter_salarius_GCF_002116735.1_CP020931.1	Marinobacter_salarius_GCF_002116735.1	3608450	3608560	-	5S rRNA	4.3e-12	
Marinobacter_salarius_GCF_002116735.1_CP020931.1	Marinobacter_salarius_GCF_002116735.1	3608665	3611557	-	23S rRNA	0.0	
Marinobacter_salarius_GCF_002116735.1_CP020931.1	Marinobacter_salarius_GCF_002116735.1	3612276	3613810	-	16S rRNA	0.0	
Marinobacter_salarius_GCF_002116735.1_CP020931.1	Marinobacter_salarius_GCF_002116735.1	3820935	3821045	-	5S rRNA	4.3e-12	
Marinobacter_salarius_GCF_002116735.1_CP020931.1	Marinobacter_salarius_GCF_002116735.1	3821150	3824042	-	23S rRNA	0.0	
Marinobacter_salarius_GCF_002116735.1_CP020931.1	Marinobacter_salarius_GCF_002116735.1	3824761	3826295	-	16S rRNA	0.0	
Marinobacter_salarius_GCF_002116735.1_NZ_CP020931.1	Marinobacter_salarius_GCF_002116735.1	2841612	2841722	-	5S rRNA	4.3e-12	
Marinobacter_salarius_GCF_002116735.1_NZ_CP020931.1	Marinobacter_salarius_GCF_002116735.1	2841827	2844719	-	23S rRNA	0.0	
Marinobacter_salarius_GCF_002116735.1_NZ_CP020931.1	Marinobacter_salarius_GCF_002116735.1	2845438	2846972	-	16S rRNA	0.0	
Marinobacter_salarius_GCF_002116735.1_NZ_CP020931.1	Marinobacter_salarius_GCF_002116735.1	3608450	3608560	-	5S rRNA	4.3e-12	
Marinobacter_salarius_GCF_002116735.1_NZ_CP020931.1	Marinobacter_salarius_GCF_002116735.1	3608665	3611557	-	23S rRNA	0.0	
Marinobacter_salarius_GCF_002116735.1_NZ_CP020931.1	Marinobacter_salarius_GCF_002116735.1	3612276	3613810	-	16S rRNA	0.0	
Marinobacter_salarius_GCF_002116735.1_NZ_CP020931.1	Marinobacter_salarius_GCF_002116735.1	3820935	3821045	-	5S rRNA	4.3e-12	
Marinobacter_salarius_GCF_002116735.1_NZ_CP020931.1	Marinobacter_salarius_GCF_002116735.1	3821150	3824042	-	23S rRNA	0.0	
Marinobacter_salarius_GCF_002116735.1_NZ_CP020931.1	Marinobacter_salarius_GCF_002116735.1	3824761	3826295	-	16S rRNA	0.0	
Marinobacter_salarius_GCF_003986605.1_CP021333.1	Marinobacter_salarius_GCF_003986605.1	132983	133093	-	5S rRNA	4.2e-12	
Marinobacter_salarius_GCF_003986605.1_CP021333.1	Marinobacter_salarius_GCF_003986605.1	133198	136090	-	23S rRNA	0.0	
Marinobacter_salarius_GCF_003986605.1_CP021333.1	Marinobacter_salarius_GCF_003986605.1	136809	138343	-	16S rRNA	0.0	
Marinobacter_salarius_GCF_003986605.1_CP021333.1	Marinobacter_salarius_GCF_003986605.1	858362	858472	-	5S rRNA	4.2e-12	
Marinobacter_salarius_GCF_003986605.1_CP021333.1	Marinobacter_salarius_GCF_003986605.1	858577	861469	-	23S rRNA	0.0	
Marinobacter_salarius_GCF_003986605.1_CP021333.1	Marinobacter_salarius_GCF_003986605.1	862188	863722	-	16S rRNA	0.0	
Marinobacter_salarius_GCF_003986605.1_CP021333.1	Marinobacter_salarius_GCF_003986605.1	1069766	1069876	-	5S rRNA	4.2e-12	
Marinobacter_salarius_GCF_003986605.1_CP021333.1	Marinobacter_salarius_GCF_003986605.1	1069981	1072873	-	23S rRNA	0.0	
Marinobacter_salarius_GCF_003986605.1_CP021333.1	Marinobacter_salarius_GCF_003986605.1	1073592	1075126	-	16S rRNA	0.0	
Marinobacter_salarius_GCF_003986605.1_NZ_CP021333.1	Marinobacter_salarius_GCF_003986605.1	132983	133093	-	5S rRNA	4.2e-12	
Marinobacter_salarius_GCF_003986605.1_NZ_CP021333.1	Marinobacter_salarius_GCF_003986605.1	133198	136090	-	23S rRNA	0.0	
Marinobacter_salarius_GCF_003986605.1_NZ_CP021333.1	Marinobacter_salarius_GCF_003986605.1	136809	138343	-	16S rRNA	0.0	
Marinobacter_salarius_GCF_003986605.1_NZ_CP021333.1	Marinobacter_salarius_GCF_003986605.1	858362	858472	-	5S rRNA	4.2e-12	
Marinobacter_salarius_GCF_003986605.1_NZ_CP021333.1	Marinobacter_salarius_GCF_003986605.1	858577	861469	-	23S rRNA	0.0	
Marinobacter_salarius_GCF_003986605.1_NZ_CP021333.1	Marinobacter_salarius_GCF_003986605.1	862188	863722	-	16S rRNA	0.0	
Marinobacter_salarius_GCF_003986605.1_NZ_CP021333.1	Marinobacter_salarius_GCF_003986605.1	1069766	1069876	-	5S rRNA	4.2e-12	
Marinobacter_salarius_GCF_003986605.1_NZ_CP021333.1	Marinobacter_salarius_GCF_003986605.1	1069981	1072873	-	23S rRNA	0.0	
Marinobacter_salarius_GCF_003986605.1_NZ_CP021333.1	Marinobacter_salarius_GCF_003986605.1	1073592	1075126	-	16S rRNA	0.0	
Marinobacter_algicola_DG893_GCF_000170835.1_ABCP01000016.1	Marinobacter_algicola_DG893_GCF_000170835.1	69354	69464	-	5S rRNA	4.1e-12	
Marinobacter_algicola_DG893_GCF_000170835.1_ABCP01000026.1	Marinobacter_algicola_DG893_GCF_000170835.1	52257	52367	-	5S rRNA	4.1e-12	
Marinobacter_algicola_DG893_GCF_000170835.1_ABCP01000031.1	Marinobacter_algicola_DG893_GCF_000170835.1	31437	31547	-	5S rRNA	4.1e-12	
Marinobacter_algicola_DG893_GCF_000170835.1_ABCP01000031.1	Marinobacter_algicola_DG893_GCF_000170835.1	31659	34551	-	23S rRNA	0.0	
Marinobacter_algicola_DG893_GCF_000170835.1_ABCP01000031.1	Marinobacter_algicola_DG893_GCF_000170835.1	35276	36810	-	16S rRNA	0.0	
Marinobacter_algicola_DG893_GCF_000170835.1_NZ_ABCP01000016.1	Marinobacter_algicola_DG893_GCF_000170835.1	69354	69464	-	5S rRNA	4.1e-12	
Marinobacter_algicola_DG893_GCF_000170835.1_NZ_ABCP01000026.1	Marinobacter_algicola_DG893_GCF_000170835.1	52257	52367	-	5S rRNA	4.1e-12	
Marinobacter_algicola_DG893_GCF_000170835.1_NZ_ABCP01000031.1	Marinobacter_algicola_DG893_GCF_000170835.1	31437	31547	-	5S rRNA	4.1e-12	
Marinobacter_algicola_DG893_GCF_000170835.1_NZ_ABCP01000031.1	Marinobacter_algicola_DG893_GCF_000170835.1	31659	34551	-	23S rRNA	0.0	
Marinobacter_algicola_DG893_GCF_000170835.1_NZ_ABCP01000031.1	Marinobacter_algicola_DG893_GCF_000170835.1	35276	36810	-	16S rRNA	0.0	
Marinobacter_sediminicola_GCF_031157525.1_NZ_JAVIXR010000023.1	Marinobacter_sediminicola_GCF_031157525.1	132	241	+	5S rRNA	9.2e-15	
Marinobacter_sediminicola_GCF_031157525.1_NZ_JAVIXR010000025.1	Marinobacter_sediminicola_GCF_031157525.1	57	2949	-	23S rRNA	0.0	
Marinobacter_sediminicola_GCF_031157525.1_NZ_JAVIXR010000025.1	Marinobacter_sediminicola_GCF_031157525.1	3643	5178	-	16S rRNA	0.0	
Marinobacter_xiaoshiensis_GCF_031631795.1_NZ_JAVMBO010000010.1	Marinobacter_xiaoshiensis_GCF_031631795.1	316885	316994	-	5S rRNA	5.5e-15	
Marinobacter_xiaoshiensis_GCF_031631795.1_NZ_JAVMBO010000010.1	Marinobacter_xiaoshiensis_GCF_031631795.1	317085	319977	-	23S rRNA	0.0	
Marinobacter_xiaoshiensis_GCF_031631795.1_NZ_JAVMBO010000010.1	Marinobacter_xiaoshiensis_GCF_031631795.1	320665	322200	-	16S rRNA	0.0	
Marinobacter_xiaoshiensis_GCF_031631795.1_NZ_JAVMBO010000011.1	Marinobacter_xiaoshiensis_GCF_031631795.1	28	137	-	5S rRNA	5.5e-15	
Marinobacter_xiaoshiensis_GCF_031631795.1_NZ_JAVMBO010000011.1	Marinobacter_xiaoshiensis_GCF_031631795.1	228	3120	-	23S rRNA	0.0	
Marinobacter_xiaoshiensis_GCF_031631795.1_NZ_JAVMBO010000011.1	Marinobacter_xiaoshiensis_GCF_031631795.1	3808	5343	-	16S rRNA	0.0	
Marinobacter_xiaoshiensis_GCF_031631795.1_NZ_JAVMBO010000012.1	Marinobacter_xiaoshiensis_GCF_031631795.1	91	1626	+	16S rRNA	0.0	
Marinobacter_xiaoshiensis_GCF_031631795.1_NZ_JAVMBO010000012.1	Marinobacter_xiaoshiensis_GCF_031631795.1	2314	5206	+	23S rRNA	0.0	
Marinobacter_xiaoshiensis_GCF_031631795.1_NZ_JAVMBO010000012.1	Marinobacter_xiaoshiensis_GCF_031631795.1	5297	5406	+	5S rRNA	5.5e-15	
Marinobacter_xiaoshiensis_GCF_031631795.1_NZ_JAVMBO010000018.1	Marinobacter_xiaoshiensis_GCF_031631795.1	525060	525169	-	5S rRNA	5.5e-15	
Marinobacter_xiaoshiensis_GCF_031631795.1_NZ_JAVMBO010000018.1	Marinobacter_xiaoshiensis_GCF_031631795.1	525260	528152	-	23S rRNA	0.0	
Marinobacter_xiaoshiensis_GCF_031631795.1_NZ_JAVMBO010000018.1	Marinobacter_xiaoshiensis_GCF_031631795.1	528840	530375	-	16S rRNA	0.0	
Oceanicola_sp_MCTG1561a_APOce_APOce_Scaffold_7180000000010|quiver	Oceanicola_sp_MCTG1561a_APOce	2	1186	-	16S rRNA	0.0	aligned only 74 percent of the 16S ribosomal RNA
Oceanicola_sp_MCTG1561a_APOce_APOce_Scaffold_7180000000010|quiver	Oceanicola_sp_MCTG1561a_APOce	668089	669552	+	16S rRNA	0.0	
Oceanicola_sp_MCTG1561a_APOce_APOce_Scaffold_7180000000010|quiver	Oceanicola_sp_MCTG1561a_APOce	670395	673254	+	23S rRNA	0.0	
Oceanicola_sp_MCTG1561a_APOce_APOce_Scaffold_7180000000010|quiver	Oceanicola_sp_MCTG1561a_APOce	673379	673488	+	5S rRNA	1.2e-13	
Oceanicola_sp_MCTG1561a_APOce_APOce_Scaffold_7180000000010|quiver	Oceanicola_sp_MCTG1561a_APOce	3537634	3537743	-	5S rRNA	1.2e-13	
Oceanicola_sp_MCTG1561a_APOce_APOce_Scaffold_7180000000010|quiver	Oceanicola_sp_MCTG1561a_APOce	3537868	3540727	-	23S rRNA	0.0	
Oceanicola_granulosus_HTCC2516_GCF_000153305.1_CH724107.1	Oceanicola_granulosus_HTCC2516_GCF_000153305.1	374	1833	+	16S rRNA	0.0	
Oceanicola_granulosus_HTCC2516_GCF_000153305.1_CH724107.1	Oceanicola_granulosus_HTCC2516_GCF_000153305.1	2624	5441	+	23S rRNA	0.0	
Oceanicola_granulosus_HTCC2516_GCF_000153305.1_CH724107.1	Oceanicola_granulosus_HTCC2516_GCF_000153305.1	5565	5673	+	5S rRNA	1.3e-09	
Oceanicola_granulosus_HTCC2516_GCF_000153305.1_CH724107.1	Oceanicola_granulosus_HTCC2516_GCF_000153305.1	2593479	2594938	+	16S rRNA	0.0	
Oceanicola_granulosus_HTCC2516_GCF_000153305.1_CH724107.1	Oceanicola_granulosus_HTCC2516_GCF_000153305.1	2595729	2598546	+	23S rRNA	0.0	
Oceanicola_granulosus_HTCC2516_GCF_000153305.1_CH724107.1	Oceanicola_granulosus_HTCC2516_GCF_000153305.1	2598670	2598778	+	5S rRNA	1.3e-09	
Oceanicola_granulosus_HTCC2516_GCF_000153305.1_CH724108.1	Oceanicola_granulosus_HTCC2516_GCF_000153305.1	731010	732469	+	16S rRNA	0.0	
Oceanicola_granulosus_HTCC2516_GCF_000153305.1_CH724108.1	Oceanicola_granulosus_HTCC2516_GCF_000153305.1	733260	736077	+	23S rRNA	0.0	
Oceanicola_granulosus_HTCC2516_GCF_000153305.1_CH724108.1	Oceanicola_granulosus_HTCC2516_GCF_000153305.1	736201	736309	+	5S rRNA	1.3e-09	
Oceanicola_granulosus_HTCC2516_GCF_000153305.1_CH724109.1	Oceanicola_granulosus_HTCC2516_GCF_000153305.1	374	1833	+	16S rRNA	0.0	
Oceanicola_granulosus_HTCC2516_GCF_000153305.1_CH724109.1	Oceanicola_granulosus_HTCC2516_GCF_000153305.1	2624	5441	+	23S rRNA	0.0	
Oceanicola_granulosus_HTCC2516_GCF_000153305.1_CH724109.1	Oceanicola_granulosus_HTCC2516_GCF_000153305.1	5565	5673	+	5S rRNA	1.3e-09	
Oceanicola_granulosus_HTCC2516_GCF_000153305.1_NZ_CH724107.1	Oceanicola_granulosus_HTCC2516_GCF_000153305.1	374	1833	+	16S rRNA	0.0	
Oceanicola_granulosus_HTCC2516_GCF_000153305.1_NZ_CH724107.1	Oceanicola_granulosus_HTCC2516_GCF_000153305.1	2624	5441	+	23S rRNA	0.0	
Oceanicola_granulosus_HTCC2516_GCF_000153305.1_NZ_CH724107.1	Oceanicola_granulosus_HTCC2516_GCF_000153305.1	5565	5673	+	5S rRNA	1.3e-09	
Oceanicola_granulosus_HTCC2516_GCF_000153305.1_NZ_CH724107.1	Oceanicola_granulosus_HTCC2516_GCF_000153305.1	2593479	2594938	+	16S rRNA	0.0	
Oceanicola_granulosus_HTCC2516_GCF_000153305.1_NZ_CH724107.1	Oceanicola_granulosus_HTCC2516_GCF_000153305.1	2595729	2598546	+	23S rRNA	0.0	
Oceanicola_granulosus_HTCC2516_GCF_000153305.1_NZ_CH724107.1	Oceanicola_granulosus_HTCC2516_GCF_000153305.1	2598670	2598778	+	5S rRNA	1.3e-09	
Oceanicola_granulosus_HTCC2516_GCF_000153305.1_NZ_CH724108.1	Oceanicola_granulosus_HTCC2516_GCF_000153305.1	731010	732469	+	16S rRNA	0.0	
Oceanicola_granulosus_HTCC2516_GCF_000153305.1_NZ_CH724108.1	Oceanicola_granulosus_HTCC2516_GCF_000153305.1	733260	736077	+	23S rRNA	0.0	
Oceanicola_granulosus_HTCC2516_GCF_000153305.1_NZ_CH724108.1	Oceanicola_granulosus_HTCC2516_GCF_000153305.1	736201	736309	+	5S rRNA	1.3e-09	
Oceanicola_granulosus_HTCC2516_GCF_000153305.1_NZ_CH724109.1	Oceanicola_granulosus_HTCC2516_GCF_000153305.1	374	1833	+	16S rRNA	0.0	
Oceanicola_granulosus_HTCC2516_GCF_000153305.1_NZ_CH724109.1	Oceanicola_granulosus_HTCC2516_GCF_000153305.1	2624	5441	+	23S rRNA	0.0	
Oceanicola_granulosus_HTCC2516_GCF_000153305.1_NZ_CH724109.1	Oceanicola_granulosus_HTCC2516_GCF_000153305.1	5565	5673	+	5S rRNA	1.3e-09	
Oceanicola_sp._D3_GCF_006351965.1_CP040932.1	Oceanicola_sp._D3_GCF_006351965.1	3984038	3984147	-	5S rRNA	4.5e-09	
Oceanicola_sp._D3_GCF_006351965.1_CP040932.1	Oceanicola_sp._D3_GCF_006351965.1	3984240	3987055	-	23S rRNA	0.0	
Oceanicola_sp._D3_GCF_006351965.1_CP040932.1	Oceanicola_sp._D3_GCF_006351965.1	3987688	3989152	-	16S rRNA	0.0	
Oceanicola_sp._D3_GCF_006351965.1_NZ_CP040932.1	Oceanicola_sp._D3_GCF_006351965.1	3984038	3984147	-	5S rRNA	4.5e-09	
Oceanicola_sp._D3_GCF_006351965.1_NZ_CP040932.1	Oceanicola_sp._D3_GCF_006351965.1	3984240	3987055	-	23S rRNA	0.0	
Oceanicola_sp._D3_GCF_006351965.1_NZ_CP040932.1	Oceanicola_sp._D3_GCF_006351965.1	3987688	3989152	-	16S rRNA	0.0	
Porticoccus_hydrocarbonoclasticus_MCTG13d_APPor_APPor_Scaffold_7180000000004|quiver	Porticoccus_hydrocarbonoclasticus_MCTG13d_APPor	435699	435809	-	5S rRNA	1.8e-14	
Porticoccus_hydrocarbonoclasticus_MCTG13d_APPor_APPor_Scaffold_7180000000004|quiver	Porticoccus_hydrocarbonoclasticus_MCTG13d_APPor	435961	438845	-	23S rRNA	0.0	
Porticoccus_hydrocarbonoclasticus_MCTG13d_APPor_APPor_Scaffold_7180000000004|quiver	Porticoccus_hydrocarbonoclasticus_MCTG13d_APPor	439348	440878	-	16S rRNA	0.0	
Porticoccus_litoralis_GCF_030676955.1_NZ_JAUUUU010000003.1	Porticoccus_litoralis_GCF_030676955.1	5351	5461	-	5S rRNA	8.4e-14	
Porticoccus_litoralis_GCF_030676955.1_NZ_JAUUUU010000003.1	Porticoccus_litoralis_GCF_030676955.1	5609	8496	-	23S rRNA	0.0	
Porticoccus_litoralis_GCF_030676955.1_NZ_JAUUUU010000003.1	Porticoccus_litoralis_GCF_030676955.1	8994	10524	-	16S rRNA	0.0	
Roseovarius_sp_MCTG1562b_APRos_APRos_Scaffold_7180000000016|quiver	Roseovarius_sp_MCTG1562b_APRos	2953549	2953658	-	5S rRNA	1e-13	
Roseovarius_sp_MCTG1562b_APRos_APRos_Scaffold_7180000000016|quiver	Roseovarius_sp_MCTG1562b_APRos	2953865	2956123	-	23S rRNA	0.0	aligned only 69 percent of the 23S ribosomal RNA
Roseovarius_sp_MCTG1562b_APRos_APRos_Scaffold_7180000000016|quiver	Roseovarius_sp_MCTG1562b_APRos	2958391	2959857	-	16S rRNA	0.0	
Roseovarius_sp_MCTG1562b_APRos_APRos_Scaffold_7180000000016|quiver	Roseovarius_sp_MCTG1562b_APRos	4005734	4007200	+	16S rRNA	0.0	
Roseovarius_sp_MCTG1562b_APRos_APRos_Scaffold_7180000000016|quiver	Roseovarius_sp_MCTG1562b_APRos	4009467	4011722	+	23S rRNA	0.0	aligned only 69 percent of the 23S ribosomal RNA
Roseovarius_sp_MCTG1562b_APRos_APRos_Scaffold_7180000000016|quiver	Roseovarius_sp_MCTG1562b_APRos	4011926	4012035	+	5S rRNA	1e-13	
Roseovarius_sp_MCTG1562b_APRos_APRos_Scaffold_7180000000019|quiver	Roseovarius_sp_MCTG1562b_APRos	382	1846	+	16S rRNA	0.0	
Roseovarius_sp_MCTG1562b_APRos_APRos_Scaffold_7180000000019|quiver	Roseovarius_sp_MCTG1562b_APRos	4112	6370	+	23S rRNA	0.0	aligned only 69 percent of the 23S ribosomal RNA
Roseovarius_sp_MCTG1562b_APRos_APRos_Scaffold_7180000000019|quiver	Roseovarius_sp_MCTG1562b_APRos	6577	6686	+	5S rRNA	1e-13	
Roseovarius_sp_GCF_018066915.1_NZ_JAGPVV010000319.1	Roseovarius_sp_GCF_018066915.1	1	878	-	16S rRNA	2.1e-222	aligned only 55 percent of the 16S ribosomal RNA
Roseovarius_sp_217_GCF_000152845.1_CH902584.1	Roseovarius_sp_217_GCF_000152845.1	609276	609385	+	5S rRNA	1.9e-13	
Roseovarius_sp_217_GCF_000152845.1_CH902584.1	Roseovarius_sp_217_GCF_000152845.1	1848755	1850221	+	16S rRNA	0.0	
Roseovarius_sp_217_GCF_000152845.1_CH902584.1	Roseovarius_sp_217_GCF_000152845.1	1851058	1854014	+	23S rRNA	0.0	
Roseovarius_sp_217_GCF_000152845.1_CH902584.1	Roseovarius_sp_217_GCF_000152845.1	1854221	1854330	+	5S rRNA	1.9e-13	
Roseovarius_sp_217_GCF_000152845.1_NZ_CH902584.1	Roseovarius_sp_217_GCF_000152845.1	609276	609385	+	5S rRNA	1.9e-13	
Roseovarius_sp_217_GCF_000152845.1_NZ_CH902584.1	Roseovarius_sp_217_GCF_000152845.1	1848755	1850221	+	16S rRNA	0.0	
Roseovarius_sp_217_GCF_000152845.1_NZ_CH902584.1	Roseovarius_sp_217_GCF_000152845.1	1851058	1854014	+	23S rRNA	0.0	
Roseovarius_sp_217_GCF_000152845.1_NZ_CH902584.1	Roseovarius_sp_217_GCF_000152845.1	1854221	1854330	+	5S rRNA	1.9e-13	
Roseovarius_indicus_GCF_008728195.1_CP031598.1	Roseovarius_indicus_GCF_008728195.1	4647103	4647213	-	5S rRNA	1.9e-12	
Roseovarius_indicus_GCF_008728195.1_CP031598.1	Roseovarius_indicus_GCF_008728195.1	4647298	4649553	-	23S rRNA	0.0	aligned only 69 percent of the 23S ribosomal RNA
Roseovarius_indicus_GCF_008728195.1_CP031598.1	Roseovarius_indicus_GCF_008728195.1	4651437	4652899	-	16S rRNA	0.0	
Roseovarius_indicus_GCF_008728195.1_NZ_CP031598.1	Roseovarius_indicus_GCF_008728195.1	4647103	4647213	-	5S rRNA	1.9e-12	
Roseovarius_indicus_GCF_008728195.1_NZ_CP031598.1	Roseovarius_indicus_GCF_008728195.1	4647298	4649553	-	23S rRNA	0.0	aligned only 69 percent of the 23S ribosomal RNA
Roseovarius_indicus_GCF_008728195.1_NZ_CP031598.1	Roseovarius_indicus_GCF_008728195.1	4651437	4652899	-	16S rRNA	0.0	
Roseovarius_nanhaiticus_GCF_900156535.1_FTNV01000011.1	Roseovarius_nanhaiticus_GCF_900156535.1	267	1729	+	16S rRNA	0.0	
Roseovarius_nanhaiticus_GCF_900156535.1_FTNV01000011.1	Roseovarius_nanhaiticus_GCF_900156535.1	4008	6278	+	23S rRNA	0.0	aligned only 70 percent of the 23S ribosomal RNA
Roseovarius_nanhaiticus_GCF_900156535.1_FTNV01000011.1	Roseovarius_nanhaiticus_GCF_900156535.1	6385	6495	+	5S rRNA	3.9e-13	
Roseovarius_nanhaiticus_GCF_900156535.1_NZ_FTNV01000011.1	Roseovarius_nanhaiticus_GCF_900156535.1	267	1729	+	16S rRNA	0.0	
Roseovarius_nanhaiticus_GCF_900156535.1_NZ_FTNV01000011.1	Roseovarius_nanhaiticus_GCF_900156535.1	4008	6278	+	23S rRNA	0.0	aligned only 70 percent of the 23S ribosomal RNA
Roseovarius_nanhaiticus_GCF_900156535.1_NZ_FTNV01000011.1	Roseovarius_nanhaiticus_GCF_900156535.1	6385	6495	+	5S rRNA	3.9e-13	
Roseovarius_mucosus_DSM_17069_GCF_000768555.3_KN293980.1	Roseovarius_mucosus_DSM_17069_GCF_000768555.3	84370	85834	+	16S rRNA	0.0	
Roseovarius_mucosus_DSM_17069_GCF_000768555.3_KN293980.1	Roseovarius_mucosus_DSM_17069_GCF_000768555.3	86708	89524	+	23S rRNA	0.0	
Roseovarius_mucosus_DSM_17069_GCF_000768555.3_KN293980.1	Roseovarius_mucosus_DSM_17069_GCF_000768555.3	89724	89834	+	5S rRNA	3.8e-13	
Roseovarius_mucosus_DSM_17069_GCF_000768555.3_NZ_KN293980.1	Roseovarius_mucosus_DSM_17069_GCF_000768555.3	84370	85834	+	16S rRNA	0.0	
Roseovarius_mucosus_DSM_17069_GCF_000768555.3_NZ_KN293980.1	Roseovarius_mucosus_DSM_17069_GCF_000768555.3	86708	89524	+	23S rRNA	0.0	
Roseovarius_mucosus_DSM_17069_GCF_000768555.3_NZ_KN293980.1	Roseovarius_mucosus_DSM_17069_GCF_000768555.3	89724	89834	+	5S rRNA	3.8e-13	
Polycyclovorans_algicola_TG408_PolalgTG_PolalgTG_Scaffold_7180000000002|quiver	Polycyclovorans_algicola_TG408_PolalgTG	1092397	1093923	+	16S rRNA	0.0	
Polycyclovorans_algicola_TG408_PolalgTG_PolalgTG_Scaffold_7180000000002|quiver	Polycyclovorans_algicola_TG408_PolalgTG	1094561	1097423	+	23S rRNA	0.0	
Polycyclovorans_algicola_TG408_PolalgTG_PolalgTG_Scaffold_7180000000002|quiver	Polycyclovorans_algicola_TG408_PolalgTG	1097633	1097730	+	5S rRNA	4.1e-12	
Polycyclovorans_algicola_TG408_PolalgTG_PolalgTG_Scaffold_7180000000002|quiver	Polycyclovorans_algicola_TG408_PolalgTG	1918162	1919688	+	16S rRNA	0.0	
Polycyclovorans_algicola_TG408_PolalgTG_PolalgTG_Scaffold_7180000000002|quiver	Polycyclovorans_algicola_TG408_PolalgTG	1920326	1923188	+	23S rRNA	0.0	
Polycyclovorans_algicola_TG408_PolalgTG_PolalgTG_Scaffold_7180000000002|quiver	Polycyclovorans_algicola_TG408_PolalgTG	1923398	1923495	+	5S rRNA	4.1e-12	
